Function	Hardware Event Count:INST_RETIRED.ANY	Hardware Event Count:CPU_CLK_UNHALTED.THREAD	Hardware Event Count:CPU_CLK_UNHALTED.REF_TSC	Hardware Event Count:MEM_UOPS_RETIRED.LOAD_LATENCY_GT_4	Hardware Event Count:MEM_UOPS_RETIRED.ALL_LOADS	Hardware Event Count:MEM_UOPS_RETIRED.ALL_STORES	Hardware Event Count:MEM_LOAD_UOPS_RETIRED.DRAM_HIT	Hardware Event Count:CPU_CLK_UNHALTED.THREAD_P	Hardware Event Count:LD_HEAD.ANY_AT_RET	Hardware Event Count:LD_HEAD.DTLB_MISS_AT_RET	Hardware Event Count:LD_HEAD.L1_BOUND_AT_RET	Hardware Event Count:LD_HEAD.L1_MISS_AT_RET	Hardware Event Count:LD_HEAD.OTHER_AT_RET	Hardware Event Count:LD_HEAD.PGWALK_AT_RET	Hardware Event Count:LD_HEAD.ST_ADDR_AT_RET	Hardware Event Count:MEM_BOUND_STALLS.LOAD	Hardware Event Count:MEM_BOUND_STALLS.LOAD_DRAM_HIT	Hardware Event Count:MEM_BOUND_STALLS.LOAD_L2_HIT	Hardware Event Count:MEM_BOUND_STALLS.LOAD_LLC_HIT	Hardware Event Count:MEM_SCHEDULER_BLOCK.ALL	Hardware Event Count:MEM_SCHEDULER_BLOCK.ST_BUF	Hardware Event Count:TOPDOWN_BE_BOUND.ALL	Hardware Event Count:TOPDOWN_BE_BOUND.MEM_SCHEDULER	Hardware Event Count:TOPDOWN_FE_BOUND.ALL	Hardware Event Count:TOPDOWN_RETIRING.ALL	Hardware Event Count:OCR.DEMAND_RFO.L3_HIT.SNOOP_HITM	Hardware Event Count:OCR.DEMAND_DATA_RD.L3_HIT.SNOOP_HIT_WITH_FWD	Hardware Event Count:OCR.STREAMING_WR.ANY_RESPONSE	Hardware Event Count:OCR.DEMAND_DATA_RD.L3_HIT.SNOOP_HITM	Hardware Event Count:TOPDOWN.SLOTS	Hardware Event Count:MEM_INST_RETIRED.ALL_LOADS	Hardware Event Count:MEM_INST_RETIRED.ALL_STORES	Hardware Event Count:DTLB_LOAD_MISSES.STLB_HIT:cmask=1	Hardware Event Count:DTLB_LOAD_MISSES.WALK_ACTIVE	Hardware Event Count:MEM_TRANS_RETIRED.LOAD_LATENCY_GT_4	Hardware Event Count:CPU_CLK_UNHALTED.DISTRIBUTED	Hardware Event Count:CYCLE_ACTIVITY.CYCLES_MEM_ANY	Hardware Event Count:DTLB_LOAD_MISSES.WALK_COMPLETED_1G	Hardware Event Count:DTLB_LOAD_MISSES.WALK_COMPLETED_2M_4M	Hardware Event Count:DTLB_LOAD_MISSES.WALK_COMPLETED_4K	Hardware Event Count:DTLB_STORE_MISSES.STLB_HIT:cmask=1	Hardware Event Count:EXE_ACTIVITY.BOUND_ON_LOADS	Hardware Event Count:EXE_ACTIVITY.BOUND_ON_STORES	Hardware Event Count:FRONTEND_RETIRED.LATENCY_GE_4	Hardware Event Count:IDQ_BUBBLES.CORE	Hardware Event Count:DTLB_STORE_MISSES.WALK_ACTIVE	Hardware Event Count:DTLB_STORE_MISSES.WALK_COMPLETED_1G	Hardware Event Count:DTLB_STORE_MISSES.WALK_COMPLETED_2M_4M	Hardware Event Count:DTLB_STORE_MISSES.WALK_COMPLETED_4K	Hardware Event Count:INT_MISC.UOP_DROPPING	Hardware Event Count:TOPDOWN.BACKEND_BOUND_SLOTS	Hardware Event Count:TOPDOWN.MEMORY_BOUND_SLOTS	Hardware Event Count:UOPS_RETIRED.SLOTS	Hardware Event Count:L1D_PEND_MISS.FB_FULL	Hardware Event Count:L1D_PEND_MISS.L2_STALLS	Hardware Event Count:L1D_PEND_MISS.PENDING	Hardware Event Count:L2_RQSTS.ALL_RFO	Hardware Event Count:TOPDOWN.SLOTS_P	Hardware Event Count:L2_RQSTS.RFO_HIT	Hardware Event Count:LD_BLOCKS.NO_SR	Hardware Event Count:LD_BLOCKS.STORE_FORWARD	Hardware Event Count:MEMORY_ACTIVITY.CYCLES_L1D_MISS	Hardware Event Count:MEMORY_ACTIVITY.STALLS_L1D_MISS	Hardware Event Count:MEMORY_ACTIVITY.STALLS_L2_MISS	Hardware Event Count:MEMORY_ACTIVITY.STALLS_L3_MISS	Hardware Event Count:MEM_INST_RETIRED.LOCK_LOADS	Hardware Event Count:MEM_INST_RETIRED.SPLIT_LOADS	Hardware Event Count:MEM_INST_RETIRED.SPLIT_STORES	Hardware Event Count:MEM_INST_RETIRED.STLB_MISS_LOADS	Hardware Event Count:MEM_INST_RETIRED.STLB_MISS_STORES	Hardware Event Count:MEM_LOAD_COMPLETED.L1_MISS_ANY	Hardware Event Count:MEM_LOAD_L3_HIT_RETIRED.XSNP_FWD	Hardware Event Count:MEM_LOAD_L3_HIT_RETIRED.XSNP_MISS	Hardware Event Count:MEM_LOAD_L3_HIT_RETIRED.XSNP_NO_FWD	Hardware Event Count:MEM_LOAD_RETIRED.FB_HIT	Hardware Event Count:MEM_LOAD_RETIRED.L1_HIT	Hardware Event Count:MEM_LOAD_RETIRED.L1_MISS	Hardware Event Count:MEM_LOAD_RETIRED.L2_HIT	Hardware Event Count:MEM_LOAD_RETIRED.L3_HIT	Hardware Event Count:MEM_LOAD_RETIRED.L3_MISS	Hardware Event Count:MEM_STORE_RETIRED.L2_HIT	Hardware Event Count:OFFCORE_REQUESTS_OUTSTANDING.ALL_DATA_RD:cmask=4	Hardware Event Count:OFFCORE_REQUESTS_OUTSTANDING.CYCLES_WITH_DATA_RD	Hardware Event Count:OFFCORE_REQUESTS_OUTSTANDING.CYCLES_WITH_DEMAND_RFO	Hardware Event Count:XQ.FULL_CYCLES	Hardware Event Count:Total_Latency_MEM_TRANS_RETIRED.LOAD_LATENCY_GT_4	Hardware Event Count:Total_Latency_CYCLE_ACTIVITY.CYCLES_MEM_ANY	Hardware Event Count:Total_Latency_CPU_CLK_UNHALTED.REF_TSC	Hardware Event Count:Total_Latency_MEM_LOAD_RETIRED.L1_HIT	Hardware Event Count:Total_Latency_MEM_INST_RETIRED.ALL_LOADS	Hardware Event Count:Total_Latency_CPU_CLK_UNHALTED.THREAD_P	Hardware Event Count:Total_Latency_CPU_CLK_UNHALTED.DISTRIBUTED	Hardware Event Count:Total_Latency_CPU_CLK_UNHALTED.THREAD	Hardware Event Count:Total_Latency_INST_RETIRED.ANY	Hardware Event Count:Total_Latency_TOPDOWN.SLOTS	Hardware Event Count:Total_Latency_MEM_LOAD_RETIRED.FB_HIT	Hardware Event Count:Total_Latency_MEM_LOAD_RETIRED.L1_MISS	Hardware Event Count:Total_Latency_MEM_LOAD_RETIRED.L2_HIT	Hardware Event Count:Total_Latency_MEM_INST_RETIRED.SPLIT_LOADS	Hardware Event Count:Total_Latency_MEM_INST_RETIRED.LOCK_LOADS	Hardware Event Count:Total_Latency_DTLB_LOAD_MISSES.WALK_ACTIVE	Hardware Event Count:Total_Latency_MEM_LOAD_RETIRED.L3_MISS	Module	Function (Full)	Source File	Start Address
FilterHandler::applyConvolutionGridDivision._omp_fn.0	292607400000	73633800000	45597400000	0	0	0	0	73771296371	0	0	0	0	0	0	0	0	0	0	0	0	0	0	0	0	0	0	0	0	0	218130065439	29458742540	362774298	15012788	1006781	934108174	54264553801	73663830120	0	0	0	0	2121441687	0	995296	27917946979	0	0	0	0	1940819634	49461677173	297749556	254327958359	0	0	49563673	0	335999682881	0	0	0	30345879	9825438	0	0	0	0	0	0	0	0	0	0	0	995367	86355074730	0	0	0	0	0	29841677	119863435	39930292	0	4688938961	913130889	68000000	1024374714385	243041155375	1436393034	1359140220	122400000	258400000	700000210	4976835	0	0	0	0	0	0	gaussian	FilterHandler::applyConvolutionGridDivision._omp_fn.0	FilterHandler.cpp	0x405ae0
func@0xa520	2278000000	1169600000	714000000	0	0	0	0	1026448236	0	0	0	0	0	0	0	0	0	0	0	0	0	0	0	0	0	0	0	0	0	0	149946150	102647700	0	0	3623832	1094876512	966070368	0	0	0	0	221390796	0	0	332086689	0	0	0	0	20126466	3018961890	805056504	1932137856	0	0	10063233	2012670	6943612347	2012670	0	0	0	0	0	0	0	5031750	2012700	0	0	10063233	0	0	0	1006390	181138194	0	0	0	0	2012670	10063233	100632330	0	0	19528428	50316165	0	905690970	776902200	0	0	0	0	0	5031950	0	0	25158750	0	0	0	libdeflate.so.0	func@0xa520	[Unknown]	0xa520
[Outside any known module]	1139000000	1132200000	612000000	0	0	0	0	1002009531	0	0	0	0	0	0	0	0	0	0	0	0	0	0	0	0	0	0	0	0	0	2000000600	79401324	145293605	1006350	2012700	3604764	952619643	720857330	0	0	0	1006350	220357580	90569097	3007311	1425211225	13074484	0	0	0	0	2006808810	1309833171	1084307517	110695563	0	210956117	0	5111494224	0	0	1006350	160771195	50311686	90555660	70420236	1006390	0	0	0	0	0	0	0	0	0	150993124	1965111	0	0	0	2012670	30189699	70065466	120758796	0	19710731	0	0	1388810450	762837488	0	0	0	0	0	0	9825555	0	0	5031950	0	0	[Unknown]	[Outside any known module]	[Unknown]	0x0
deflate	717400000	370600000	261800000	0	0	0	0	483034464	0	0	0	0	0	0	0	0	0	0	0	0	0	0	0	0	0	0	0	0	0	0	171079500	109692150	0	0	3221184	513223365	291833757	0	0	0	0	40252872	0	0	493098417	0	0	0	0	20126466	402528252	0	744678132	0	0	0	0	2515801575	2012670	0	0	0	0	0	0	0	0	0	0	0	0	0	0	0	0	140885262	2012670	0	0	0	0	0	0	0	0	14092680	50316165	0	704426310	825207000	0	0	0	0	0	0	10063350	0	0	0	0	0	libz.so.1.3	deflate	[Unknown]	0xa750
func@0x4db0	506600000	234600000	132600000	0	0	0	0	241517232	0	0	0	0	0	0	0	0	0	0	0	0	0	0	0	0	0	0	0	0	0	0	70444500	35222250	0	0	2214564	239504237	211327893	0	0	0	0	0	0	0	191201427	0	0	0	0	10063233	0	0	503160900	0	0	0	0	905688567	0	0	0	0	0	0	0	0	0	0	0	0	0	0	0	0	0	70442631	0	0	0	0	0	0	0	0	0	10066200	0	0	352213155	352222500	0	0	0	0	0	0	0	0	0	0	0	0	libz.so.1.3	func@0x4db0	[Unknown]	0x4db0
do_lookup_x	486200000	200600000	146200000	0	0	0	0	281770104	0	0	0	0	0	0	0	0	0	0	0	0	0	0	0	0	0	0	0	0	0	10000003	76482600	16101600	19120650	2012700	1107282	171074455	161011728	0	0	0	1006350	20126436	0	0	60379398	0	0	0	0	0	402528252	201264126	362275848	0	0	533351349	0	1610113008	0	0	0	161011728	20126466	10063233	0	0	0	0	0	0	70442631	0	0	0	29185310	70442631	28177380	26164710	0	0	0	0	20126466	0	0	9663552	0	0	352213155	461914650	0	0	0	0	0	145926550	140886900	130823550	0	0	0	0	ld-linux-x86-64.so.2	do_lookup_x	dl-lookup.c	0xa530
func@0x4d370	431800000	173400000	119000000	0	0	0	0	261643668	0	0	0	0	0	0	0	0	0	0	0	0	0	0	0	0	0	0	0	0	0	0	76482600	47298450	0	0	603972	171074455	181138194	0	0	0	0	0	0	0	70442631	0	0	0	0	0	603792378	0	543413772	0	0	0	0	1207584756	0	0	0	0	0	0	0	0	0	0	0	0	0	0	0	0	0	130822029	0	0	0	0	0	0	0	0	0	3019860	0	0	654110145	382413000	0	0	0	0	0	0	0	0	0	0	0	0	libtiff.so.6.0.1	func@0x4d370	[Unknown]	0x4d370
func@0x26460	374000000	74800000	37400000	0	0	0	0	40252872	0	0	0	0	0	0	0	0	0	0	0	0	0	0	0	0	0	0	0	0	0	0	66419100	16101600	0	0	1308606	102644673	60379398	0	0	0	0	0	0	0	20126466	0	0	0	0	0	0	0	402528720	0	0	40252932	2012670	301896189	2012670	0	0	20126466	0	0	0	0	0	0	0	0	0	0	0	0	1006390	100632330	4025340	6038010	0	0	0	0	0	0	0	7650312	0	0	503161650	332095500	0	0	0	0	0	5031950	20126700	30190050	0	0	0	0	libtiff.so.6.0.1	func@0x26460	[Unknown]	0x26460
func@0x39a20	340000000	64600000	51000000	0	0	0	0	20126436	0	0	0	0	0	0	0	0	0	0	0	0	0	0	0	0	0	0	0	0	0	0	32203200	15095250	0	0	603972	68429782	120758796	0	0	0	0	0	0	0	10063233	0	0	0	0	0	100632063	100632063	342149412	0	0	0	0	603792378	0	0	0	0	0	0	0	0	0	0	0	0	0	0	0	0	0	40252932	0	0	0	0	0	0	0	0	0	3019860	0	0	201264660	161016000	0	0	0	0	0	0	0	0	0	0	0	0	libopencv_imgcodecs.so.4.6.0	func@0x39a20	[Unknown]	0x39a20
func@0x7ff0	306000000	71400000	61200000	0	0	0	0	80505744	0	0	0	0	0	0	0	0	0	0	0	0	0	0	0	0	0	0	0	0	0	0	8050800	14088900	0	0	100662	102644673	60379398	0	0	0	0	0	0	0	10063233	0	0	0	0	0	201264126	0	362275848	0	0	0	0	503160315	0	0	0	0	0	0	0	0	0	0	0	0	0	0	0	0	0	10063233	0	0	0	0	0	0	0	0	0	503310	0	0	50316165	40254000	0	0	0	0	0	0	0	0	0	0	0	0	libz.so.1.3	func@0x7ff0	[Unknown]	0x7ff0
png_write_row	153000000	20400000	6800000	0	0	0	0	0	0	0	0	0	0	0	0	0	0	0	0	0	0	0	0	0	0	0	0	0	0	0	39247650	23146050	0	0	603972	0	30189699	0	0	0	0	0	0	0	20126466	0	0	0	0	0	0	0	120758616	0	0	0	2012670	100632063	0	0	0	0	0	0	0	0	0	0	0	0	0	0	0	0	0	20126466	0	0	0	0	0	0	0	0	0	3019860	0	0	100632330	203282700	0	0	0	0	0	0	0	0	0	0	0	0	libpng16.so.16.43.0	png_write_row	[Unknown]	0x27aa0
_ZSt12construct_atIfJRKfEQaant20is_unbounded_array_vIT_ErqXgsnwcvPvLi0E_S2_pispcl7declvalIT0_EEEEEPS2_S5_DpOS4_	129200000	30600000	13600000	0	0	0	0	40252872	0	0	0	0	0	0	0	0	0	0	0	0	0	0	0	0	0	0	0	0	0	0	70444500	46292100	0	0	402648	68429782	30189699	0	0	0	0	20126436	0	0	40252932	5031750	0	0	0	0	201264126	0	80505744	0	0	0	0	0	0	0	0	0	0	0	0	0	0	0	0	0	0	0	0	0	3019170	90569097	0	0	0	0	0	0	0	0	0	2013240	0	0	452845485	1071762750	0	0	0	0	0	15095850	0	0	0	0	0	0	gaussian	_ZSt12construct_atIfJRKfEQaant20is_unbounded_array_vIT_ErqXgsnwcvPvLi0E_S2_pispcl7declvalIT0_EEEEEPS2_S5_DpOS4_	stl_construct.h	0x408140
std::vector<std::vector<float, std::allocator<float>>, std::allocator<std::vector<float, std::allocator<float>>>>::operator[]	112200000	6800000	13600000	0	0	0	0	40252872	0	0	0	0	0	0	0	0	0	0	0	0	0	0	0	0	0	0	0	0	0	0	12076200	0	0	0	603972	0	0	0	0	0	0	0	0	0	0	0	0	0	0	0	0	0	40252872	0	0	0	0	0	0	0	0	0	0	0	0	0	0	0	0	0	0	0	0	0	0	60379398	0	0	0	0	0	0	0	0	0	3019860	0	0	301896990	82520700	0	0	0	0	0	0	0	0	0	0	0	0	gaussian	std::vector<std::vector<float, std::allocator<float>>, std::allocator<std::vector<float, std::allocator<float>>>>::operator[](unsigned long) const	stl_vector.h	0x40815b
adler32_z	108800000	23800000	23800000	0	0	0	0	20126436	0	0	0	0	0	0	0	0	0	0	0	0	0	0	0	0	0	0	0	0	0	0	14088900	6038100	0	0	201324	0	40252932	0	0	0	0	0	0	0	0	0	0	0	0	0	201264126	0	120758616	0	0	0	0	100632063	0	0	0	0	0	0	0	0	0	0	0	0	0	0	0	0	0	10063233	0	0	0	0	2012670	0	0	0	0	1006620	0	0	50316165	70444500	0	0	0	0	0	0	0	0	0	0	0	0	libz.so.1.3	adler32_z	[Unknown]	0x6ba0
func@0x9240	98600000	30600000	61200000	0	0	0	0	120758616	0	0	0	0	0	0	0	0	0	0	0	0	0	0	0	0	0	0	0	0	0	0	11069850	8050800	0	0	100662	68429782	50316165	0	0	0	0	0	0	0	10063233	0	0	0	0	0	301896189	100632063	161011488	0	0	0	0	201264126	0	0	0	0	0	0	0	0	0	0	0	0	0	0	0	0	0	0	0	0	0	0	0	0	0	0	0	503310	0	0	0	55349250	0	0	0	0	0	0	0	0	0	0	0	0	libdeflate.so.0	func@0x9240	[Unknown]	0x9240
func@0x36390	78200000	20400000	0	0	0	0	0	20126436	0	0	0	0	0	0	0	0	0	0	0	0	0	0	0	0	0	0	0	0	0	0	0	1006350	0	0	0	0	0	0	0	0	0	0	0	0	0	0	0	0	0	0	0	0	20126436	0	0	0	0	201264126	0	0	0	0	0	0	0	0	0	0	0	0	0	0	0	0	0	0	0	0	0	0	0	0	0	0	0	0	0	0	0	0	0	0	0	0	0	0	0	0	0	0	0	0	libtiff.so.6.0.1	func@0x36390	[Unknown]	0x36390
__memmove_avx_unaligned_erms	44200000	258400000	170000000	0	0	0	0	201264360	0	0	0	0	0	0	0	0	0	0	0	0	0	0	0	0	0	0	0	0	0	490000147	0	0	0	3019050	0	342148910	191201427	0	0	0	1006350	120758616	40252932	0	161011728	40254000	0	0	1006350	0	1006320630	503160315	140885052	50316165	0	382402854	0	1006320630	0	0	0	50316165	40252932	20126466	20126466	0	1006350	0	0	0	0	0	0	0	0	0	0	0	0	0	0	30189699	50316165	0	0	0	2113278930	0	0	0	9841827204	4721654958	469200000	0	0	0	0	0	5031750	0	17107950	0	libc.so.6	__memmove_avx_unaligned_erms	memmove-vec-unaligned-erms.S	0x188a80
func@0xb4c0	40800000	20400000	17000000	0	0	0	0	20126436	0	0	0	0	0	0	0	0	0	0	0	0	0	0	0	0	0	0	0	0	0	0	2012700	0	0	0	100662	34214891	0	0	0	0	0	0	0	0	0	0	0	0	0	0	0	0	20126436	0	0	0	0	0	0	0	0	10063233	0	0	0	0	0	0	0	0	0	0	0	0	1006390	0	0	0	0	0	0	0	0	0	0	503310	0	0	0	10063500	0	0	0	0	0	5031950	0	0	0	0	0	0	libdeflate.so.0	func@0xb4c0	[Unknown]	0xb4c0
std::vector<float, std::allocator<float>>::push_back	30600000	10200000	3400000	0	0	0	0	20126436	0	0	0	0	0	0	0	0	0	0	0	0	0	0	0	0	0	0	0	0	0	0	0	0	0	0	0	34214891	10063233	0	0	0	0	0	0	0	40252932	2012700	0	0	0	0	0	0	0	0	0	0	0	0	0	0	0	0	0	0	0	0	0	0	0	0	0	0	0	0	0	0	0	0	0	0	0	0	0	0	0	0	0	0	0	0	0	0	0	0	0	0	0	0	0	0	0	0	gaussian	std::vector<float, std::allocator<float>>::push_back(float const&)	stl_vector.h	0x40276f
func@0x267ee0	27200000	20400000	17000000	0	0	0	0	0	0	0	0	0	0	0	0	0	0	0	0	0	0	0	0	0	0	0	0	0	0	0	0	0	0	0	0	0	0	0	0	0	0	0	0	0	0	0	0	0	0	0	0	0	0	0	0	0	0	0	0	0	0	0	0	0	0	0	0	0	0	0	0	0	0	0	0	0	0	0	0	1006742	0	171074961	130822029	20126466	0	0	0	0	0	0	0	0	0	0	0	0	0	0	0	0	0	5033710	libopencv_core.so.4.6.0	func@0x267ee0	[Unknown]	0x267ee0
strcmp	27200000	37400000	23800000	0	0	0	0	20126436	0	0	0	0	0	0	0	0	0	0	0	0	0	0	0	0	0	0	0	0	0	130000039	0	0	0	0	0	34214891	10063233	0	0	0	0	20126436	0	0	201264660	0	0	0	0	0	0	0	140885052	0	0	0	0	0	0	0	0	0	0	0	0	0	0	0	0	0	0	0	0	0	0	0	0	0	0	0	0	0	0	0	0	0	0	0	0	0	0	0	0	0	0	0	0	0	0	0	0	0	ld-linux-x86-64.so.2	strcmp	strcmp-sse2.S	0x274e0
crc32_z	23800000	0	0	0	0	0	0	0	0	0	0	0	0	0	0	0	0	0	0	0	0	0	0	0	0	0	0	0	0	0	1006350	0	0	0	0	0	0	0	0	0	0	0	0	0	0	0	0	0	0	0	0	0	100632180	0	0	10063233	0	0	0	0	0	0	0	0	0	0	0	0	0	0	0	0	0	0	0	0	0	0	0	0	0	0	0	0	0	0	0	0	0	5031750	0	0	0	0	0	0	0	0	0	0	0	0	libz.so.1.3	crc32_z	[Unknown]	0x7440
FilterHandler::loadImage	20400000	27200000	17000000	0	0	0	0	0	0	0	0	0	0	0	0	0	0	0	0	0	0	0	0	0	0	0	0	0	0	0	0	0	0	0	0	0	0	0	0	0	0	0	0	0	0	0	0	0	0	0	0	0	0	20126466	0	30189699	8050680	1710745071	4025340	0	0	10063233	0	0	0	0	0	0	0	0	0	0	0	0	0	0	0	0	0	0	0	0	0	0	0	0	0	0	0	0	0	0	0	0	0	0	0	0	0	0	0	0	gaussian	FilterHandler::loadImage(std::__cxx11::basic_string<char, std::char_traits<char>, std::allocator<char>> const&)	FilterHandler.cpp	0x402e6a
func@0x5430	17000000	10200000	10200000	0	0	0	0	0	0	0	0	0	0	0	0	0	0	0	0	0	0	0	0	0	0	0	0	0	0	0	0	1006350	0	0	0	0	20126466	0	0	0	0	0	0	0	0	0	0	0	0	0	0	0	20126436	0	0	0	0	503160315	0	0	0	0	0	0	0	0	0	0	0	0	0	0	0	0	0	10063233	0	0	0	0	0	0	0	0	0	0	0	0	50316165	0	0	0	0	0	0	0	0	0	0	0	0	0	libz.so.1.3	func@0x5430	[Unknown]	0x5430
_dl_map_object	13600000	3400000	0	0	0	0	0	0	0	0	0	0	0	0	0	0	0	0	0	0	0	0	0	0	0	0	0	0	0	20000006	0	0	0	0	0	0	0	0	0	0	0	0	0	0	70442631	0	0	0	0	0	0	0	0	0	0	0	0	0	0	0	0	0	0	0	0	0	0	0	0	0	0	0	0	0	0	0	0	0	0	0	0	0	0	0	0	0	0	0	0	0	0	0	0	0	0	0	0	0	0	0	0	0	ld-linux-x86-64.so.2	_dl_map_object	dl-load.c	0x92f0
elf_machine_rela_relative	13600000	3400000	0	0	0	0	0	20126436	0	0	0	0	0	0	0	0	0	0	0	0	0	0	0	0	0	0	0	0	0	0	1006350	1006350	0	0	0	0	20126466	0	0	0	0	40252872	0	0	0	0	0	0	0	0	0	0	0	0	0	20126466	0	0	0	0	0	10063233	10063233	0	0	0	0	0	0	0	0	0	0	0	0	0	0	0	0	0	0	0	10063233	0	0	0	0	0	0	5031750	0	0	0	0	0	0	0	0	0	0	0	0	ld-linux-x86-64.so.2	elf_machine_rela_relative	dl-machine.h	0xf8eb
__GI___libc_free	10200000	0	0	0	0	0	0	0	0	0	0	0	0	0	0	0	0	0	0	0	0	0	0	0	0	0	0	0	0	10000003	2012700	0	0	0	0	0	0	0	0	0	0	0	0	0	0	0	0	0	0	0	0	0	0	0	0	0	0	0	0	0	0	0	0	0	0	0	0	0	0	0	0	0	0	0	0	0	0	0	0	0	0	0	0	0	0	0	0	0	0	10063500	0	0	0	0	0	0	0	0	0	0	0	0	libc.so.6	__GI___libc_free	malloc.c	0xadd50
__cxa_finalize	10200000	3400000	3400000	0	0	0	0	0	0	0	0	0	0	0	0	0	0	0	0	0	0	0	0	0	0	0	0	0	0	30000009	0	0	0	0	0	0	0	0	0	0	0	0	0	0	0	0	0	0	0	0	0	0	0	0	0	0	0	0	0	0	0	10063233	0	0	0	0	0	0	0	0	0	0	0	0	0	0	0	0	0	0	0	0	0	0	0	0	0	0	0	0	0	0	0	0	0	0	0	0	0	0	0	0	libc.so.6	__cxa_finalize	cxa_finalize.c	0x472c0
_dl_name_match_p	10200000	6800000	0	0	0	0	0	0	0	0	0	0	0	0	0	0	0	0	0	0	0	0	0	0	0	0	0	0	0	10000003	0	0	0	0	0	0	0	0	0	0	0	0	0	0	10063233	0	0	0	0	0	0	0	20126436	0	0	0	0	0	0	0	0	0	0	0	0	0	0	0	0	0	0	0	0	0	0	0	0	0	0	0	0	0	0	0	0	0	0	0	0	0	0	0	0	0	0	0	0	0	0	0	0	0	ld-linux-x86-64.so.2	_dl_name_match_p	dl-misc.c	0xc380
elf_machine_rela	10200000	0	0	0	0	0	0	0	0	0	0	0	0	0	0	0	0	0	0	0	0	0	0	0	0	0	0	0	0	0	1006350	0	0	0	0	0	10063233	0	0	0	0	0	0	0	0	0	0	0	0	0	0	0	0	0	0	0	0	0	0	0	0	0	0	0	0	0	0	0	0	0	0	0	0	0	0	0	0	0	0	0	0	0	0	0	0	0	0	0	0	5031750	0	0	0	0	0	0	0	0	0	0	0	0	ld-linux-x86-64.so.2	elf_machine_rela	dl-machine.h	0xf957
gdcm::Dict::LoadDefault	10200000	3400000	0	0	0	0	0	0	0	0	0	0	0	0	0	0	0	0	0	0	0	0	0	0	0	0	0	0	0	0	0	0	0	0	0	0	0	0	0	0	0	0	0	0	0	0	0	0	0	0	0	0	100632180	0	0	0	0	0	0	0	0	0	0	0	0	0	0	0	0	0	0	0	0	0	0	0	0	0	0	0	0	0	0	0	0	0	0	0	0	0	0	0	0	0	0	0	0	0	0	0	0	0	libgdcmDICT.so.3.0.22	gdcm::Dict::LoadDefault(void)	[Unknown]	0x13d960
[libz.so.1.3]	6800000	17000000	6800000	0	0	0	0	20126436	0	0	0	0	0	0	0	0	0	0	0	0	0	0	0	0	0	0	0	0	0	0	0	2012700	0	0	0	34214891	50316165	0	0	0	0	0	0	0	20126466	0	0	0	0	0	0	0	40252872	0	0	0	0	201264126	0	0	0	0	0	0	0	0	0	0	0	0	0	0	0	0	0	0	0	0	0	0	0	0	0	0	0	0	0	0	0	0	0	0	0	0	0	0	0	0	0	0	0	0	libz.so.1.3	[libz.so.1.3]	[Unknown]	0x0
__GI___libc_malloc	6800000	6800000	6800000	0	0	0	0	0	0	0	0	0	0	0	0	0	0	0	0	0	0	0	0	0	0	0	0	0	0	50000015	0	0	0	0	0	0	0	0	0	0	0	0	0	0	0	0	0	0	0	0	0	0	0	0	0	0	0	0	0	0	0	0	10063233	0	0	0	0	0	0	0	0	0	0	0	0	0	0	0	0	0	0	10063233	0	0	0	0	0	0	0	0	0	0	0	0	0	0	0	0	0	0	0	0	libc.so.6	__GI___libc_malloc	malloc.c	0xad670
_int_free	6800000	0	3400000	0	0	0	0	0	0	0	0	0	0	0	0	0	0	0	0	0	0	0	0	0	0	0	0	0	0	30000009	0	1006350	0	0	0	0	0	0	0	0	0	0	0	0	0	0	0	0	0	0	0	0	20126436	0	0	0	0	100632063	0	0	0	0	0	0	0	0	0	0	0	0	0	0	0	0	0	0	0	0	0	0	0	0	0	0	0	0	0	0	0	0	0	0	0	0	0	0	0	0	0	0	0	0	libc.so.6	_int_free	malloc.c	0xab170
_int_malloc	6800000	13600000	10200000	0	0	0	0	60379308	0	0	0	0	0	0	0	0	0	0	0	0	0	0	0	0	0	0	0	0	0	10000003	1006350	0	0	0	0	0	10063233	0	0	0	0	0	0	0	20126466	1006350	0	0	0	0	0	0	20126436	10063233	0	40252932	0	0	0	0	0	0	0	0	0	0	0	0	0	0	0	0	0	0	0	0	0	0	0	0	0	0	0	0	0	0	0	0	0	13082550	0	0	0	0	0	0	0	0	0	0	0	0	libc.so.6	_int_malloc	malloc.c	0xab570
checked_request2size	6800000	0	0	0	0	0	0	0	0	0	0	0	0	0	0	0	0	0	0	0	0	0	0	0	0	0	0	0	0	0	0	0	0	0	0	0	0	0	0	0	0	0	0	0	0	0	0	0	0	0	0	0	0	0	0	0	0	0	0	0	0	0	0	0	0	0	0	0	0	0	0	0	0	0	0	0	0	0	0	0	0	0	0	0	0	0	0	0	0	0	0	0	0	0	0	0	0	0	0	0	0	0	libc.so.6	checked_request2size	malloc.c	0xad691
func@0x13ae50	6800000	3400000	0	0	0	0	0	0	0	0	0	0	0	0	0	0	0	0	0	0	0	0	0	0	0	0	0	0	0	0	0	0	0	0	0	0	0	0	0	0	0	0	0	0	0	0	0	0	0	0	0	0	20126436	0	0	0	0	100632063	0	0	0	0	0	0	0	0	0	0	0	0	0	0	0	0	0	0	0	0	0	0	0	0	0	0	0	0	0	0	0	0	0	0	0	0	0	0	0	0	0	0	0	0	libgdcmDICT.so.3.0.22	func@0x13ae50	[Unknown]	0x13ae50
func@0x4790	6800000	0	0	0	0	0	0	0	0	0	0	0	0	0	0	0	0	0	0	0	0	0	0	0	0	0	0	0	0	0	0	0	0	0	0	0	10063233	0	0	0	0	0	0	0	0	0	0	0	0	0	0	0	0	0	0	0	0	0	0	0	0	0	0	0	0	0	0	0	0	0	0	0	0	0	0	0	0	0	0	0	0	0	0	0	0	0	0	0	0	0	0	0	0	0	0	0	0	0	0	0	0	0	libz.so.1.3	func@0x4790	[Unknown]	0x4790
gdcm::DictEntry::CheckKeywordAgainstName	6800000	0	0	0	0	0	0	0	0	0	0	0	0	0	0	0	0	0	0	0	0	0	0	0	0	0	0	0	0	0	0	0	0	0	0	0	0	0	0	0	0	0	0	0	0	0	0	0	0	0	0	0	60379308	0	0	0	0	0	0	0	0	0	0	0	0	0	0	0	0	0	0	0	0	0	0	0	0	0	0	0	0	0	0	0	0	0	0	0	0	0	0	0	0	0	0	0	0	0	0	0	0	0	libgdcmDICT.so.3.0.22	gdcm::DictEntry::CheckKeywordAgainstName(char const*, char const*)	[Unknown]	0x13d250
gdcm::PrivateDict::LoadDefault	6800000	3400000	0	0	0	0	0	0	0	0	0	0	0	0	0	0	0	0	0	0	0	0	0	0	0	0	0	0	0	0	0	0	0	0	0	0	0	0	0	0	0	0	0	0	0	0	0	0	0	0	0	0	80505744	0	0	0	0	0	0	0	0	0	0	0	0	0	0	0	0	0	0	0	0	0	0	0	0	0	0	0	0	0	0	0	0	0	0	0	0	0	0	0	0	0	0	0	0	0	0	0	0	0	libgdcmDICT.so.3.0.22	gdcm::PrivateDict::LoadDefault(void)	[Unknown]	0x13e180
gdcm::PrivateTag::operator<	6800000	0	3400000	0	0	0	0	0	0	0	0	0	0	0	0	0	0	0	0	0	0	0	0	0	0	0	0	0	0	0	0	0	0	0	0	0	0	0	0	0	0	0	0	0	0	0	0	0	0	0	0	0	40252872	0	0	10063233	0	0	0	0	0	0	0	0	0	0	0	0	0	0	0	0	0	0	0	0	0	0	0	0	0	0	0	0	0	0	0	0	0	0	0	0	0	0	0	0	0	0	0	0	0	0	libgdcmDSED.so.3.0.22	gdcm::PrivateTag::operator<(gdcm::PrivateTag const&) const	[Unknown]	0x53900
CPLStringList::FindSortedInsertionPoint	3400000	3400000	0	0	0	0	0	0	0	0	0	0	0	0	0	0	0	0	0	0	0	0	0	0	0	0	0	0	0	0	0	0	0	0	0	0	0	0	0	0	0	0	0	0	0	0	0	0	0	0	0	0	0	0	0	0	0	0	0	0	0	0	0	0	0	0	0	0	0	0	0	0	0	0	0	0	0	0	0	0	0	0	0	0	0	0	0	0	0	0	0	0	0	0	0	0	0	0	0	0	0	0	libgdal.so.34.3.8.4	CPLStringList::FindSortedInsertionPoint(char const*)	[Unknown]	0x3a13c0
__memchr_avx2	3400000	3400000	0	0	0	0	0	0	0	0	0	0	0	0	0	0	0	0	0	0	0	0	0	0	0	0	0	0	0	0	0	0	0	0	0	0	0	0	0	0	0	0	0	0	0	0	0	0	0	0	0	0	20126436	0	0	0	0	0	0	0	0	0	0	0	0	0	0	0	0	0	0	0	0	0	0	0	0	0	0	0	0	0	0	0	0	0	0	0	0	0	0	0	0	0	0	0	0	0	0	0	0	0	libc.so.6	__memchr_avx2	memchr-avx2.S	0x188080
_dl_lookup_symbol_x	3400000	3400000	0	0	0	0	0	0	0	0	0	0	0	0	0	0	0	0	0	0	0	0	0	0	0	0	0	0	0	0	0	1006350	1006350	0	0	0	0	0	0	0	0	0	0	0	0	0	0	0	0	0	0	0	0	0	0	0	0	0	0	0	0	0	0	0	0	0	0	0	0	0	0	0	0	0	0	0	2012670	0	0	0	0	0	0	0	0	0	0	0	0	0	0	0	0	0	0	0	10063350	0	0	0	0	0	ld-linux-x86-64.so.2	_dl_lookup_symbol_x	dl-lookup.c	0xb0d0
elf_dynamic_do_Rela	3400000	3400000	0	0	0	0	0	0	0	0	0	0	0	0	0	0	0	0	0	0	0	0	0	0	0	0	0	0	0	0	1006350	0	0	0	100662	0	0	0	0	0	0	0	0	0	0	0	0	0	0	0	0	0	0	0	0	0	0	0	0	0	0	0	0	0	0	0	0	0	0	0	0	0	0	0	0	0	0	0	0	0	0	0	0	0	0	503310	0	0	0	5031750	0	0	0	0	0	0	0	0	0	0	0	0	ld-linux-x86-64.so.2	elf_dynamic_do_Rela	do-rel.h	0xf53d
func@0x24f110	3400000	0	0	0	0	0	0	0	0	0	0	0	0	0	0	0	0	0	0	0	0	0	0	0	0	0	0	0	0	0	0	0	0	0	0	0	0	0	0	0	0	0	0	0	0	0	0	0	0	0	0	0	0	0	0	0	0	0	0	0	0	0	0	0	0	0	0	0	0	0	0	0	0	0	0	0	0	0	0	0	0	0	0	0	0	0	0	0	0	0	0	0	0	0	0	0	0	0	0	0	0	0	libprotobuf.so.32.0.12	func@0x24f110	[Unknown]	0x24f110
func@0x4610	3400000	0	0	0	0	0	0	0	0	0	0	0	0	0	0	0	0	0	0	0	0	0	0	0	0	0	0	0	0	0	0	0	0	0	0	0	10063233	0	0	0	0	0	0	0	0	0	0	0	0	0	0	0	0	0	0	0	0	0	0	0	0	0	0	0	0	0	0	0	0	0	0	0	0	0	0	0	0	0	0	0	0	0	0	0	0	0	0	0	0	0	0	0	0	0	0	0	0	0	0	0	0	0	libz.so.1.3	func@0x4610	[Unknown]	0x4610
func@0x50c0	3400000	0	0	0	0	0	0	0	0	0	0	0	0	0	0	0	0	0	0	0	0	0	0	0	0	0	0	0	0	0	0	0	0	0	0	0	0	0	0	0	0	0	0	0	0	0	0	0	0	0	0	0	0	0	0	0	0	0	0	0	0	0	0	0	0	0	0	0	0	0	0	0	0	0	0	0	0	0	0	0	0	0	0	0	0	0	0	0	0	0	0	0	0	0	0	0	0	0	0	0	0	0	libhwy.so.1.0.7	func@0x50c0	[Unknown]	0x50c0
func@0x6020	3400000	0	0	0	0	0	0	0	0	0	0	0	0	0	0	0	0	0	0	0	0	0	0	0	0	0	0	0	0	0	0	0	0	0	0	0	0	0	0	0	0	0	0	0	0	0	0	0	0	0	0	0	0	0	0	0	0	0	0	0	0	0	0	0	0	0	0	0	0	0	0	0	0	0	0	0	0	0	0	0	0	0	0	0	0	0	0	0	0	0	0	0	0	0	0	0	0	0	0	0	0	0	libz.so.1.3	func@0x6020	[Unknown]	0x6020
func@0x6a50	3400000	0	0	0	0	0	0	0	0	0	0	0	0	0	0	0	0	0	0	0	0	0	0	0	0	0	0	0	0	0	0	0	0	0	0	0	0	0	0	0	0	0	0	0	0	0	0	0	0	0	0	0	20126436	0	0	0	0	0	0	0	0	0	0	0	0	0	0	0	0	0	0	0	0	0	0	0	0	0	0	0	0	0	0	0	0	0	0	0	0	0	0	0	0	0	0	0	0	0	0	0	0	0	libcharls.so.2.4.2	func@0x6a50	[Unknown]	0x6a50
func@0xa1b0	3400000	0	0	0	0	0	0	0	0	0	0	0	0	0	0	0	0	0	0	0	0	0	0	0	0	0	0	0	0	0	0	0	0	0	0	0	0	0	0	0	0	0	0	0	0	0	0	0	0	0	0	0	0	0	0	0	0	0	0	0	0	0	0	0	0	0	0	0	0	0	0	0	0	0	0	0	0	0	0	0	0	0	0	0	0	0	0	0	0	0	0	0	0	0	0	0	0	0	0	0	0	0	libtiff.so.6.0.1	func@0xa1b0	[Unknown]	0xa1b0
unlink_chunk	3400000	3400000	0	0	0	0	0	0	0	0	0	0	0	0	0	0	0	0	0	0	0	0	0	0	0	0	0	0	0	0	0	0	0	0	0	0	0	0	0	0	0	0	0	0	0	0	0	0	0	0	0	0	0	0	0	0	0	0	0	0	0	0	0	0	0	0	0	0	0	0	0	0	0	0	0	0	0	0	0	0	0	0	0	0	0	0	0	0	0	0	0	0	0	0	0	0	0	0	0	0	0	0	libc.so.6	unlink_chunk	malloc.c	0xa9ad0
QVariantAnimation::registerInterpolator	0	3400000	0	0	0	0	0	0	0	0	0	0	0	0	0	0	0	0	0	0	0	0	0	0	0	0	0	0	0	0	0	0	0	0	0	0	0	0	0	0	0	0	0	0	0	0	0	0	0	0	0	0	0	0	0	0	0	0	0	0	0	0	0	0	0	0	0	0	0	0	0	0	0	0	0	0	0	0	0	0	0	0	0	0	0	0	0	0	0	0	0	0	0	0	0	0	0	0	0	0	0	0	libQt5Core.so.5.15.13	QVariantAnimation::registerInterpolator(QVariant (*)(void const*, void const*, double), int)	[Unknown]	0xc43e0
RegisterOGRDXF	0	0	3400000	0	0	0	0	0	0	0	0	0	0	0	0	0	0	0	0	0	0	0	0	0	0	0	0	0	0	0	0	0	0	0	0	0	0	0	0	0	0	0	0	0	0	0	0	0	0	0	0	0	0	0	0	0	0	0	0	0	0	0	0	0	0	0	0	0	0	0	0	0	0	0	0	0	0	0	0	0	0	0	0	0	0	0	0	0	0	0	0	0	0	0	0	0	0	0	0	0	0	0	libgdal.so.34.3.8.4	RegisterOGRDXF	[Unknown]	0xc98370
TIFFFindField	0	3400000	0	0	0	0	0	0	0	0	0	0	0	0	0	0	0	0	0	0	0	0	0	0	0	0	0	0	0	0	0	0	0	0	0	0	0	0	0	0	0	0	0	0	0	0	0	0	0	0	0	0	0	0	0	0	0	0	0	0	0	0	0	0	0	0	0	0	0	0	0	0	0	0	0	0	0	0	0	0	0	0	0	0	0	0	0	0	0	0	0	0	0	0	0	0	0	0	0	0	0	0	libtiff.so.6.0.1	TIFFFindField	[Unknown]	0x9900
__GI___close_nocancel	0	0	0	0	0	0	0	0	0	0	0	0	0	0	0	0	0	0	0	0	0	0	0	0	0	0	0	0	0	0	0	0	0	0	0	0	0	0	0	0	0	0	0	0	10063233	0	0	0	0	0	0	0	0	0	0	0	0	0	0	0	0	0	0	0	0	0	0	0	0	0	0	0	0	0	0	0	0	0	0	0	0	0	0	0	0	0	0	0	0	0	0	0	0	0	0	0	0	0	0	0	0	0	libc.so.6	__GI___close_nocancel	close_nocancel.c	0x11c630
__GI___fstat64	0	0	0	0	0	0	0	0	0	0	0	0	0	0	0	0	0	0	0	0	0	0	0	0	0	0	0	0	0	10000003	0	0	0	0	0	0	0	0	0	0	0	0	0	0	0	0	0	0	0	0	0	0	0	0	0	0	0	0	0	0	0	0	0	0	0	0	0	0	0	0	0	0	0	0	0	0	0	0	0	0	0	0	0	0	0	0	0	0	0	0	0	0	0	0	0	0	0	0	0	0	0	0	ld-linux-x86-64.so.2	__GI___fstat64	fstat64.c	0x258f0
__GI___open64_nocancel	0	0	0	0	0	0	0	0	0	0	0	0	0	0	0	0	0	0	0	0	0	0	0	0	0	0	0	0	0	0	0	0	0	0	0	0	0	0	0	0	0	0	0	0	10063233	0	0	0	0	0	0	0	0	0	0	0	0	0	0	0	0	0	0	0	0	0	0	0	0	0	0	0	0	0	0	0	0	0	0	0	0	0	0	0	0	0	0	0	0	0	0	0	0	0	0	0	0	0	0	0	0	0	ld-linux-x86-64.so.2	__GI___open64_nocancel	open64_nocancel.c	0x25b40
__GI___pthread_disable_asynccancel	0	3400000	0	0	0	0	0	0	0	0	0	0	0	0	0	0	0	0	0	0	0	0	0	0	0	0	0	0	0	0	0	0	0	0	0	0	0	0	0	0	0	0	0	0	0	0	0	0	0	0	0	0	0	0	0	0	0	0	0	0	0	0	0	0	0	0	0	0	0	0	0	0	0	0	0	0	0	0	0	0	0	0	0	0	0	0	0	0	0	0	0	0	0	0	0	0	0	0	0	0	0	0	libc.so.6	__GI___pthread_disable_asynccancel	cancellation.c	0x985d0
__memset_avx2_unaligned_erms	0	17000000	6800000	0	0	0	0	0	0	0	0	0	0	0	0	0	0	0	0	0	0	0	0	0	0	0	0	0	0	0	0	0	0	0	0	0	0	0	0	0	0	0	0	0	0	0	0	0	0	0	0	0	0	0	0	0	2012670	100632063	2012670	0	0	0	0	0	0	0	0	0	0	0	0	0	0	0	0	0	0	0	0	0	0	0	0	0	0	0	0	0	0	0	0	0	0	0	0	0	0	0	0	0	0	0	libc.so.6	__memset_avx2_unaligned_erms	memset-vec-unaligned-erms.S	0x189480
__mmap64	0	0	0	0	0	0	0	0	0	0	0	0	0	0	0	0	0	0	0	0	0	0	0	0	0	0	0	0	0	10000003	0	0	0	0	0	0	0	0	0	0	0	0	0	0	0	0	0	0	0	0	0	0	0	0	0	0	0	0	0	0	0	0	0	0	0	0	0	0	0	0	0	0	0	0	0	0	0	0	0	0	0	0	0	0	0	0	0	0	0	0	0	0	0	0	0	0	0	0	0	0	0	0	ld-linux-x86-64.so.2	__mmap64	mmap64.c	0x25d1f
__new_exitfn	0	0	0	0	0	0	0	0	0	0	0	0	0	0	0	0	0	0	0	0	0	0	0	0	0	0	0	0	0	0	0	0	0	0	0	0	0	0	0	0	0	0	0	0	10063233	0	0	0	0	0	0	0	0	0	0	0	0	0	0	0	0	0	0	0	0	0	0	0	0	0	0	0	0	0	0	0	0	0	0	0	0	0	0	0	0	0	0	0	0	0	0	0	0	0	0	0	0	0	0	0	0	0	libc.so.6	__new_exitfn	cxa_atexit.c	0x47000
__strcasecmp_l_avx2	0	0	3400000	0	0	0	0	0	0	0	0	0	0	0	0	0	0	0	0	0	0	0	0	0	0	0	0	0	0	0	0	0	0	0	0	0	0	0	0	0	0	0	0	0	0	0	0	0	0	0	0	0	20126436	0	0	0	0	0	0	0	0	0	0	0	0	0	0	0	0	0	0	0	0	0	0	0	0	0	0	0	0	0	0	0	0	0	0	0	0	0	0	0	0	0	0	0	0	0	0	0	0	0	libc.so.6	__strcasecmp_l_avx2	strcmp-avx2.S	0x189ed0
__strchr_avx2	0	0	0	0	0	0	0	0	0	0	0	0	0	0	0	0	0	0	0	0	0	0	0	0	0	0	0	0	0	0	0	0	0	0	0	0	0	0	0	0	0	0	0	0	0	0	0	0	0	0	0	0	0	0	0	0	0	0	0	0	0	0	0	0	0	0	0	0	0	0	0	0	0	0	0	0	0	0	0	0	0	10063233	0	0	0	0	0	0	0	0	0	0	0	0	0	0	0	0	0	0	0	0	libc.so.6	__strchr_avx2	strchr-avx2.S	0x18abe0
__strlen_avx2	0	0	0	0	0	0	0	0	0	0	0	0	0	0	0	0	0	0	0	0	0	0	0	0	0	0	0	0	0	0	0	0	0	0	0	0	0	0	0	0	0	0	0	0	0	0	0	0	0	0	0	0	40252872	0	0	10063233	0	0	0	0	0	0	0	0	0	0	0	0	0	0	0	0	0	0	0	0	0	0	0	0	0	0	0	0	0	0	0	0	0	0	0	0	0	0	0	0	0	0	0	0	0	0	libc.so.6	__strlen_avx2	strlen-avx2.S	0x18b7c0
_dl_add_to_namespace_list	0	0	0	0	0	0	0	0	0	0	0	0	0	0	0	0	0	0	0	0	0	0	0	0	0	0	0	0	0	10000003	0	0	0	0	0	0	0	0	0	0	0	0	0	0	0	0	0	0	0	0	0	0	0	0	0	0	0	0	0	0	0	0	0	0	0	0	0	0	0	0	0	0	0	0	0	0	0	0	0	0	0	0	0	0	0	0	0	0	0	0	0	0	0	0	0	0	0	0	0	0	0	0	ld-linux-x86-64.so.2	_dl_add_to_namespace_list	dl-object.c	0xc610
_dl_call_fini	0	0	0	0	0	0	0	0	0	0	0	0	0	0	0	0	0	0	0	0	0	0	0	0	0	0	0	0	0	0	0	0	0	0	0	0	0	0	0	0	0	0	0	0	0	0	0	0	0	0	0	0	0	0	0	0	0	0	0	0	0	10063233	0	0	10063233	0	0	0	0	0	0	0	0	0	0	0	0	0	0	0	0	0	0	0	0	0	0	0	0	0	0	0	0	0	0	0	0	0	0	0	0	0	ld-linux-x86-64.so.2	_dl_call_fini	dl-call_fini.c	0x1090
_dl_check_map_versions	0	0	0	0	0	0	0	0	0	0	0	0	0	0	0	0	0	0	0	0	0	0	0	0	0	0	0	0	0	0	0	0	0	0	0	0	0	0	0	0	0	0	0	0	0	0	0	0	0	0	100632063	0	0	0	0	0	0	0	0	0	0	0	0	0	0	0	0	0	0	0	0	0	0	0	0	0	0	0	0	0	0	0	0	0	0	0	0	0	0	0	0	0	0	0	0	0	0	0	0	0	0	0	ld-linux-x86-64.so.2	_dl_check_map_versions	dl-version.c	0x15c90
_dl_map_object_from_fd	0	0	0	0	0	0	0	0	0	0	0	0	0	0	0	0	0	0	0	0	0	0	0	0	0	0	0	0	0	10000003	0	0	0	0	0	0	0	0	0	0	0	0	0	0	0	0	0	0	0	0	0	0	0	0	0	0	0	0	0	0	0	0	0	0	0	0	0	0	0	0	0	0	0	0	0	0	0	0	0	0	0	0	0	0	0	0	0	0	0	0	0	0	0	0	0	0	0	0	0	0	0	0	ld-linux-x86-64.so.2	_dl_map_object_from_fd	dl-load.c	0x7a20
_dl_map_segments	0	0	0	0	0	0	0	0	0	0	0	0	0	0	0	0	0	0	0	0	0	0	0	0	0	0	0	0	0	0	0	0	0	0	0	0	0	0	0	0	0	0	0	0	10063233	0	0	0	0	0	0	0	0	0	0	0	0	0	0	0	0	0	0	0	0	0	0	0	0	0	0	0	0	0	0	0	0	0	0	0	0	0	0	0	0	0	0	0	0	0	0	0	0	0	0	0	0	0	0	0	0	0	ld-linux-x86-64.so.2	_dl_map_segments	dl-map-segments.h	0x7dca
_dl_new_hash	0	6800000	3400000	0	0	0	0	0	0	0	0	0	0	0	0	0	0	0	0	0	0	0	0	0	0	0	0	0	0	0	2012700	0	0	0	0	0	0	0	0	0	0	0	0	0	0	0	0	0	0	0	0	0	20126436	0	0	0	0	0	0	0	0	0	0	0	0	0	0	0	0	0	0	0	0	0	1006390	0	0	0	0	0	0	0	0	0	0	0	0	0	0	10063500	0	0	0	0	0	5031950	0	0	0	0	0	0	ld-linux-x86-64.so.2	_dl_new_hash	dl-new-hash.h	0xb103
_dl_new_object	0	0	0	0	0	0	0	0	0	0	0	0	0	0	0	0	0	0	0	0	0	0	0	0	0	0	0	0	0	0	0	0	0	0	0	0	0	0	0	0	0	0	0	0	10063233	0	0	0	0	0	0	0	0	0	0	0	0	0	0	0	0	0	0	0	0	0	0	0	0	0	0	0	0	0	0	0	0	0	0	0	0	0	0	0	0	0	0	0	0	0	0	0	0	0	0	0	0	0	0	0	0	0	ld-linux-x86-64.so.2	_dl_new_object	dl-object.c	0xc6c0
_dl_postprocess_loadcmd	0	0	0	0	0	0	0	0	0	0	0	0	0	0	0	0	0	0	0	0	0	0	0	0	0	0	0	0	0	0	0	0	0	0	0	0	0	0	0	0	0	0	0	1006390	0	0	0	0	0	0	0	0	0	0	0	0	0	0	0	0	0	0	0	0	0	0	0	0	0	0	0	0	0	0	0	0	0	0	0	0	0	0	0	0	0	0	0	0	0	0	0	0	0	0	0	0	0	0	0	0	0	0	ld-linux-x86-64.so.2	_dl_postprocess_loadcmd	dl-load.h	0x7ea1
_dl_runtime_resolve_xsavec	0	3400000	0	0	0	0	0	0	0	0	0	0	0	0	0	0	0	0	0	0	0	0	0	0	0	0	0	0	0	0	0	0	0	0	0	0	0	0	0	0	0	0	0	0	0	0	0	0	0	0	0	0	0	0	0	0	0	0	0	0	0	0	0	0	0	0	0	0	0	0	0	0	0	0	0	0	0	0	0	0	0	0	0	0	0	0	0	0	0	0	0	0	0	0	0	0	0	0	0	0	0	0	ld-linux-x86-64.so.2	_dl_runtime_resolve_xsavec	dl-trampoline.h	0x152f0
_dl_setup_hash	0	0	0	0	0	0	0	0	0	0	0	0	0	0	0	0	0	0	0	0	0	0	0	0	0	0	0	0	0	10000003	0	0	0	0	0	0	0	0	0	0	0	0	0	0	0	0	0	0	0	0	0	0	0	0	0	0	0	0	0	0	0	0	0	0	0	0	0	0	0	0	0	0	0	0	0	0	0	0	0	0	0	0	0	0	0	0	0	0	0	0	0	0	0	0	0	0	0	0	0	0	0	0	ld-linux-x86-64.so.2	_dl_setup_hash	dl-setup_hash.c	0x131b0
_int_free_create_chunk	0	3400000	3400000	0	0	0	0	0	0	0	0	0	0	0	0	0	0	0	0	0	0	0	0	0	0	0	0	0	0	0	0	0	0	0	0	0	0	0	0	0	0	0	0	0	0	0	0	0	0	0	0	0	20126436	0	0	10063233	0	0	0	0	0	0	0	0	0	0	0	0	0	0	0	0	0	0	0	0	0	0	0	0	0	0	0	0	0	0	0	0	0	0	0	0	0	0	0	0	0	0	0	0	0	0	libc.so.6	_int_free_create_chunk	malloc.c	0xab025
_int_free_maybe_consolidate	0	0	0	0	0	0	0	0	0	0	0	0	0	0	0	0	0	0	0	0	0	0	0	0	0	0	0	0	0	0	0	1006350	0	0	0	0	0	0	0	0	0	0	0	0	0	0	0	0	0	0	0	0	0	0	0	0	0	0	0	0	0	0	0	0	0	0	0	0	0	0	0	0	0	0	0	0	0	0	0	0	0	0	0	0	0	0	0	0	0	0	0	0	0	0	0	0	0	0	0	0	0	0	libc.so.6	_int_free_maybe_consolidate	malloc.c	0xaab00
_int_free_merge_chunk	0	0	0	0	0	0	0	0	0	0	0	0	0	0	0	0	0	0	0	0	0	0	0	0	0	0	0	0	0	0	0	0	0	0	100662	0	0	0	0	0	0	0	0	0	0	0	0	0	0	0	0	0	0	0	0	0	0	0	0	0	0	0	0	0	0	0	0	0	0	0	0	0	0	0	0	0	0	0	0	0	0	0	0	0	0	0	0	0	0	0	0	0	0	0	0	0	0	0	0	0	0	0	libc.so.6	_int_free_merge_chunk	malloc.c	0xaaf90
check_match	0	17000000	6800000	0	0	0	0	0	0	0	0	0	0	0	0	0	0	0	0	0	0	0	0	0	0	0	0	0	0	0	0	0	0	1006350	0	34214891	20126466	0	0	0	0	0	0	0	10063233	0	0	0	0	0	0	0	0	0	0	20126466	0	0	0	0	0	0	0	0	0	0	0	0	0	0	0	0	0	0	0	0	0	0	0	0	0	0	0	0	0	0	0	0	0	0	0	0	0	0	0	0	0	0	0	0	0	0	ld-linux-x86-64.so.2	check_match	dl-lookup.c	0xa390
dl_symbol_visibility_binds_local_p	0	6800000	0	0	0	0	0	0	0	0	0	0	0	0	0	0	0	0	0	0	0	0	0	0	0	0	0	0	0	0	0	0	0	0	0	0	0	0	0	0	0	0	0	0	0	0	0	0	0	0	0	0	0	0	0	0	0	0	0	0	0	0	0	0	0	0	0	0	0	0	0	0	0	0	0	0	0	0	0	0	0	0	0	0	0	0	0	0	0	0	0	0	0	0	0	0	0	0	0	0	0	0	ld-linux-x86-64.so.2	dl_symbol_visibility_binds_local_p	ldsodefs.h	0xfa2e
elf_get_dynamic_info	0	0	0	0	0	0	0	0	0	0	0	0	0	0	0	0	0	0	0	0	0	0	0	0	0	0	0	0	0	10000003	0	0	0	0	0	0	0	0	0	0	0	0	0	0	10063233	0	0	0	0	0	0	0	0	0	0	0	0	0	0	0	0	0	0	0	0	0	0	0	0	0	0	0	0	0	0	0	0	0	0	0	0	0	0	0	0	0	0	0	0	0	0	0	0	0	0	0	0	0	0	0	0	0	ld-linux-x86-64.so.2	elf_get_dynamic_info	get-dynamic-info.h	0x836d
func@0x108f0	0	0	0	0	0	0	0	0	0	0	0	0	0	0	0	0	0	0	0	0	0	0	0	0	0	0	0	0	0	0	0	0	0	0	0	0	0	0	0	0	0	0	0	0	0	0	0	0	0	0	0	0	0	0	0	0	0	100632063	0	0	0	0	0	0	0	0	0	0	0	0	0	0	0	0	0	0	0	0	0	0	0	0	0	0	0	0	0	0	0	0	0	0	0	0	0	0	0	0	0	0	0	0	libgdcmDSED.so.3.0.22	func@0x108f0	[Unknown]	0x108f0
func@0x10a0	0	0	0	0	0	0	0	0	0	0	0	0	0	0	0	0	0	0	0	0	0	0	0	0	0	0	0	0	0	0	0	0	0	0	100662	0	0	0	0	0	0	0	0	0	0	0	0	0	0	0	0	0	0	0	0	0	0	0	0	0	0	0	0	0	0	0	0	0	0	0	0	0	0	0	0	0	0	0	0	0	0	0	0	0	0	503310	0	0	0	0	0	0	0	0	0	0	0	0	0	0	0	0	libdeflate.so.0	func@0x10a0	[Unknown]	0x10a0
func@0x1393f0	0	0	3400000	0	0	0	0	0	0	0	0	0	0	0	0	0	0	0	0	0	0	0	0	0	0	0	0	0	0	0	0	0	0	0	0	0	0	0	0	0	0	0	0	0	0	0	0	0	0	0	0	0	0	0	0	0	0	0	0	0	0	0	0	0	0	0	0	0	0	0	0	0	0	0	0	0	0	0	0	0	0	0	0	0	0	0	0	0	0	0	0	0	0	0	0	0	0	0	0	0	0	0	libgdcmDICT.so.3.0.22	func@0x1393f0	[Unknown]	0x1393f0
func@0x139490	0	0	0	0	0	0	0	0	0	0	0	0	0	0	0	0	0	0	0	0	0	0	0	0	0	0	0	0	0	0	0	0	0	0	0	0	0	0	0	0	0	0	0	0	0	0	0	0	0	0	0	0	20126436	0	0	0	0	0	0	0	0	0	0	0	0	0	0	0	0	0	0	0	0	0	0	0	0	0	0	0	0	0	0	0	0	0	0	0	0	0	0	0	0	0	0	0	0	0	0	0	0	0	libgdcmDICT.so.3.0.22	func@0x139490	[Unknown]	0x139490
func@0x1395e0	0	3400000	0	0	0	0	0	0	0	0	0	0	0	0	0	0	0	0	0	0	0	0	0	0	0	0	0	0	0	0	0	0	0	0	0	0	0	0	0	0	0	0	0	0	0	0	0	0	0	0	0	0	0	0	0	0	0	0	0	0	0	0	0	0	0	0	0	0	0	0	0	0	0	0	0	0	0	0	0	0	0	0	0	0	0	0	0	0	0	0	0	0	0	0	0	0	0	0	0	0	0	0	libgdcmDICT.so.3.0.22	func@0x1395e0	[Unknown]	0x1395e0
func@0x139fd0	0	0	0	0	0	0	0	0	0	0	0	0	0	0	0	0	0	0	0	0	0	0	0	0	0	0	0	0	0	0	0	0	0	0	0	0	0	0	0	0	0	0	0	0	0	0	0	0	0	0	0	0	0	0	0	0	0	0	0	0	0	0	10063233	0	0	0	0	0	0	0	0	0	0	0	0	0	0	0	0	0	0	0	0	0	0	0	0	0	0	0	0	0	0	0	0	0	0	0	0	0	0	0	libgdcmDICT.so.3.0.22	func@0x139fd0	[Unknown]	0x139fd0
func@0x13aa40	0	3400000	0	0	0	0	0	0	0	0	0	0	0	0	0	0	0	0	0	0	0	0	0	0	0	0	0	0	0	0	0	0	0	0	0	0	0	0	0	0	0	0	0	0	0	0	0	0	0	0	0	0	0	0	0	0	0	0	0	0	0	0	10063233	10063233	10063233	0	0	0	0	0	0	0	0	0	0	0	0	0	0	0	0	0	0	0	0	0	0	0	0	0	0	0	0	0	0	0	0	0	0	0	0	0	libgdcmDICT.so.3.0.22	func@0x13aa40	[Unknown]	0x13aa40
func@0x13b790	0	0	0	0	0	0	0	0	0	0	0	0	0	0	0	0	0	0	0	0	0	0	0	0	0	0	0	0	0	0	0	0	0	0	0	0	0	0	0	0	0	0	0	0	0	0	0	0	0	0	0	0	60379308	0	0	0	0	0	0	0	0	0	0	0	0	0	0	0	0	0	0	0	0	0	0	0	0	0	0	0	0	0	0	0	0	0	0	0	0	0	0	0	0	0	0	0	0	0	0	0	0	0	libgdcmDICT.so.3.0.22	func@0x13b790	[Unknown]	0x13b790
func@0x14920	0	0	3400000	0	0	0	0	0	0	0	0	0	0	0	0	0	0	0	0	0	0	0	0	0	0	0	0	0	0	0	0	0	0	0	0	0	0	0	0	0	0	0	0	0	0	0	0	0	0	0	0	0	0	0	0	0	0	0	0	0	0	0	0	0	0	0	0	0	0	0	0	0	0	0	0	0	0	0	0	0	0	0	0	0	0	0	0	0	0	0	0	0	0	0	0	0	0	0	0	0	0	0	libgcrypt.so.20.4.3	func@0x14920	[Unknown]	0x14920
func@0x2c970	0	0	0	0	0	0	0	0	0	0	0	0	0	0	0	0	0	0	0	0	0	0	0	0	0	0	0	0	0	0	0	0	0	0	0	0	0	0	0	0	0	0	0	0	10063233	0	0	0	0	0	0	0	0	0	0	0	0	0	0	0	0	0	0	0	0	0	0	0	0	0	0	0	0	0	0	0	0	0	0	0	0	0	0	0	0	0	0	0	0	0	0	0	0	0	0	0	0	0	0	0	0	0	liblapack.so.3.12.0	func@0x2c970	[Unknown]	0x2c970
func@0x4cb0	0	3400000	0	0	0	0	0	0	0	0	0	0	0	0	0	0	0	0	0	0	0	0	0	0	0	0	0	0	0	0	0	0	0	0	0	0	0	0	0	0	0	0	0	0	0	0	0	0	0	0	0	0	0	0	0	0	0	0	0	0	0	0	0	0	0	0	0	0	0	0	0	0	0	0	0	0	0	0	0	0	0	0	0	0	0	0	0	0	0	0	0	0	0	0	0	0	0	0	0	0	0	0	libhwy.so.1.0.7	func@0x4cb0	[Unknown]	0x4cb0
func@0x5cb10	0	0	0	0	0	0	0	0	0	0	0	0	0	0	0	0	0	0	0	0	0	0	0	0	0	0	0	0	0	0	0	0	0	0	0	0	0	0	0	0	0	0	0	0	10063233	0	0	0	0	0	0	0	0	0	0	0	0	0	0	0	0	0	0	0	0	0	0	0	0	0	0	0	0	0	0	0	0	0	0	0	0	0	0	0	0	0	0	0	0	0	0	0	0	0	0	0	0	0	0	0	0	0	libgnutls.so.30.37.1	func@0x5cb10	[Unknown]	0x5cb10
func@0x6f1a0	0	3400000	0	0	0	0	0	0	0	0	0	0	0	0	0	0	0	0	0	0	0	0	0	0	0	0	0	0	0	0	0	0	0	0	0	0	0	0	0	0	0	0	0	0	0	0	0	0	0	0	0	0	0	0	0	0	0	0	0	0	0	0	0	0	0	0	0	0	0	0	0	0	0	0	0	0	0	0	0	0	0	0	0	0	0	0	0	0	0	0	0	0	0	0	0	0	0	0	0	0	0	0	libgnutls.so.30.37.1	func@0x6f1a0	[Unknown]	0x6f1a0
func@0xa201b	0	0	0	0	0	0	0	0	0	0	0	0	0	0	0	0	0	0	0	0	0	0	0	0	0	0	0	0	0	0	0	0	0	0	0	0	0	0	0	0	0	0	0	0	10063233	0	0	0	0	0	0	0	0	0	0	0	0	0	0	0	0	0	0	0	0	0	0	0	0	0	0	0	0	0	0	0	0	0	0	0	0	0	0	0	0	0	0	0	0	0	0	0	0	0	0	0	0	0	0	0	0	0	libstdc++.so.6.0.34	func@0xa201b	[Unknown]	0xa201b
func@0xa7230	0	0	0	0	0	0	0	0	0	0	0	0	0	0	0	0	0	0	0	0	0	0	0	0	0	0	0	0	0	0	0	0	0	0	0	0	0	0	0	0	0	0	0	0	0	0	0	0	0	0	0	0	20126436	0	0	0	0	0	0	0	0	0	0	0	0	0	0	0	0	0	0	0	0	0	0	0	0	0	0	0	0	0	0	0	0	0	0	0	0	0	0	0	0	0	0	0	0	0	0	0	0	0	libstdc++.so.6.0.34	func@0xa7230	[Unknown]	0xa7230
func@0xa7450	0	0	0	0	0	0	0	0	0	0	0	0	0	0	0	0	0	0	0	0	0	0	0	0	0	0	0	0	0	0	1006350	0	0	0	0	0	0	0	0	0	0	0	0	0	0	0	0	0	0	0	0	0	0	0	0	0	0	0	0	0	0	0	0	0	0	0	0	0	0	0	0	0	0	0	0	0	0	0	0	0	0	0	0	0	0	0	0	0	0	5031750	0	0	0	0	0	0	0	0	0	0	0	0	libstdc++.so.6.0.34	func@0xa7450	[Unknown]	0xa7450
func@0xbd7d0	0	0	0	0	0	0	0	0	0	0	0	0	0	0	0	0	0	0	0	0	0	0	0	0	0	0	0	0	0	0	0	0	0	0	0	0	0	0	0	0	0	0	0	0	0	0	0	0	0	0	100632063	0	0	0	0	0	0	0	0	0	0	0	0	0	0	0	0	0	0	0	0	0	0	0	0	0	0	0	0	0	0	0	0	0	0	0	0	0	0	0	0	0	0	0	0	0	0	0	0	0	0	0	libproj.so.25.9.4.0	func@0xbd7d0	[Unknown]	0xbd7d0
func@0xc7b30	0	0	0	0	0	0	0	0	0	0	0	0	0	0	0	0	0	0	0	0	0	0	0	0	0	0	0	0	0	0	0	0	0	0	0	0	0	0	0	0	0	0	0	0	10063233	0	0	0	0	0	0	0	0	0	0	0	0	0	0	0	0	0	0	0	0	0	0	0	0	0	0	0	0	0	0	0	0	0	0	0	0	0	0	0	0	0	0	0	0	0	0	0	0	0	0	0	0	0	0	0	0	0	libstdc++.so.6.0.34	func@0xc7b30	[Unknown]	0xc7b30
get_max_fast	0	3400000	0	0	0	0	0	0	0	0	0	0	0	0	0	0	0	0	0	0	0	0	0	0	0	0	0	0	0	0	0	0	0	0	0	0	0	0	0	0	0	0	0	0	0	0	0	0	0	0	0	0	0	0	0	0	0	0	0	0	0	0	0	0	0	0	0	0	0	0	0	0	0	0	0	0	0	0	0	0	0	0	0	0	0	0	0	0	0	0	0	0	0	0	0	0	0	0	0	0	0	0	libc.so.6	get_max_fast	malloc.c	0xab208
google::protobuf::internal::IsStructurallyValidUTF8	0	0	3400000	0	0	0	0	0	0	0	0	0	0	0	0	0	0	0	0	0	0	0	0	0	0	0	0	0	0	0	0	0	0	0	0	0	0	0	0	0	0	0	0	0	0	0	0	0	0	0	0	0	0	0	0	0	0	0	0	0	0	0	0	0	0	0	0	0	0	0	0	0	0	0	0	0	0	0	0	0	0	0	0	0	0	0	0	0	0	0	0	0	0	0	0	0	0	0	0	0	0	0	libprotobuf.so.32.0.12	google::protobuf::internal::IsStructurallyValidUTF8(char const*, int)	[Unknown]	0x113d00
hwy::platform::TimerResolution	0	3400000	6800000	0	0	0	0	0	0	0	0	0	0	0	0	0	0	0	0	0	0	0	0	0	0	0	0	0	0	0	0	0	0	0	0	0	0	0	0	0	0	0	0	0	0	0	0	0	0	0	301896189	0	0	0	0	0	0	0	0	0	0	0	0	0	0	0	0	0	0	0	0	0	0	0	0	0	0	0	0	0	0	0	0	0	0	0	0	0	0	0	0	0	0	0	0	0	0	0	0	0	0	0	libhwy.so.1.0.7	hwy::platform::TimerResolution(void)	[Unknown]	0x7290
libdeflate_zlib_decompress_ex	0	0	0	0	0	0	0	0	0	0	0	0	0	0	0	0	0	0	0	0	0	0	0	0	0	0	0	0	0	0	0	0	0	0	0	0	0	0	0	0	0	0	0	0	10063233	0	0	0	0	0	0	0	0	0	0	0	0	0	0	0	0	0	0	0	0	0	0	0	0	0	0	0	0	0	0	0	0	0	0	0	0	0	0	0	0	0	0	0	0	0	0	0	0	0	0	0	0	0	0	0	0	0	libdeflate.so.0	libdeflate_zlib_decompress_ex	[Unknown]	0xcba0
memcmp_ifunc	0	0	0	0	0	0	0	0	0	0	0	0	0	0	0	0	0	0	0	0	0	0	0	0	0	0	0	0	0	0	0	0	0	0	0	0	0	0	0	0	0	0	0	0	10063233	0	0	0	0	0	0	0	0	0	0	0	0	0	0	0	0	0	0	0	0	0	0	0	0	0	0	0	0	0	0	0	0	0	0	0	0	0	0	0	0	0	0	0	0	0	0	0	0	0	0	0	0	0	0	0	0	0	libc.so.6	memcmp_ifunc	memcmp.c	0xb1650
memset	0	0	3400000	0	0	0	0	0	0	0	0	0	0	0	0	0	0	0	0	0	0	0	0	0	0	0	0	0	0	0	0	0	0	0	0	0	0	0	0	0	0	0	0	0	0	0	0	0	0	0	0	0	0	0	0	0	0	0	0	0	0	0	0	0	0	0	0	0	0	0	0	0	0	0	0	0	0	0	0	0	0	0	0	0	0	0	0	0	0	0	0	0	0	0	0	0	0	0	0	0	0	0	ld-linux-x86-64.so.2	memset	memset-vec-unaligned-erms.S	0x26b10
new_do_write	0	0	0	0	0	0	0	0	0	0	0	0	0	0	0	0	0	0	0	0	0	0	0	0	0	0	0	0	0	0	0	0	0	0	0	0	0	0	0	0	0	0	0	0	10063233	0	0	0	0	0	0	0	0	0	0	0	0	0	0	0	0	0	0	0	0	0	0	0	0	0	0	0	0	0	0	0	0	0	0	0	0	0	0	0	0	0	0	0	0	0	0	0	0	0	0	0	0	0	0	0	0	0	libc.so.6	new_do_write	fileops.c	0x93b1d
operator new	0	0	0	0	0	0	0	0	0	0	0	0	0	0	0	0	0	0	0	0	0	0	0	0	0	0	0	0	0	0	0	0	0	0	0	0	0	0	0	0	0	0	0	0	0	0	0	0	0	0	0	0	20126436	0	0	0	0	0	0	0	0	0	0	0	0	0	0	0	0	0	0	0	0	0	0	0	0	0	0	0	0	0	0	0	0	0	0	0	0	0	0	0	0	0	0	0	0	0	0	0	0	0	libstdc++.so.6.0.34	operator new(unsigned long)	[Unknown]	0xc1560
resolve_map	0	3400000	6800000	0	0	0	0	0	0	0	0	0	0	0	0	0	0	0	0	0	0	0	0	0	0	0	0	0	0	0	1006350	1006350	0	0	0	34214891	40252932	0	0	0	0	0	0	0	10063233	0	0	0	0	0	0	0	0	0	0	0	0	0	0	0	0	0	0	0	0	0	0	0	0	0	0	0	0	0	0	0	0	0	0	0	0	0	0	0	0	0	0	0	0	5031750	0	0	0	0	0	0	0	0	0	0	0	0	ld-linux-x86-64.so.2	resolve_map	dl-reloc.c	0xf957
std::_Rb_tree_insert_and_rebalance	0	0	0	0	0	0	0	0	0	0	0	0	0	0	0	0	0	0	0	0	0	0	0	0	0	0	0	0	0	0	0	0	0	0	0	0	0	0	0	0	0	0	0	0	0	0	0	0	0	0	0	0	60379308	0	0	0	0	201264126	0	0	0	0	0	0	0	0	0	0	0	0	0	0	0	0	0	0	0	0	0	0	0	0	0	0	0	0	0	0	0	0	0	0	0	0	0	0	0	0	0	0	0	0	libstdc++.so.6.0.34	std::_Rb_tree_insert_and_rebalance(bool, std::_Rb_tree_node_base*, std::_Rb_tree_node_base*, std::_Rb_tree_node_base&)	[Unknown]	0xda460
std::__cxx11::basic_string<char, std::char_traits<char>, std::allocator<char>>::_M_create	0	0	0	0	0	0	0	0	0	0	0	0	0	0	0	0	0	0	0	0	0	0	0	0	0	0	0	0	0	0	0	0	0	0	0	0	0	0	0	0	0	0	0	0	0	0	0	0	0	0	0	0	40252872	0	0	0	0	0	0	0	0	0	0	0	0	0	0	0	0	0	0	0	0	0	0	0	0	0	0	0	0	0	0	0	0	0	0	0	0	0	0	0	0	0	0	0	0	0	0	0	0	0	libstdc++.so.6.0.34	std::__cxx11::basic_string<char, std::char_traits<char>, std::allocator<char>>::_M_create(unsigned long&, unsigned long)	[Unknown]	0x16cdb0
std::__cxx11::basic_string<char, std::char_traits<char>, std::allocator<char>>::find	0	0	0	0	0	0	0	0	0	0	0	0	0	0	0	0	0	0	0	0	0	0	0	0	0	0	0	0	0	0	0	0	0	0	0	0	0	0	0	0	0	0	0	0	0	0	0	0	0	0	0	0	20126436	0	0	0	0	0	0	0	0	0	0	0	0	0	0	0	0	0	0	0	0	0	0	0	0	0	0	0	0	0	0	0	0	0	0	0	0	0	0	0	0	0	0	0	0	0	0	0	0	0	libstdc++.so.6.0.34	std::__cxx11::basic_string<char, std::char_traits<char>, std::allocator<char>>::find(char const*, unsigned long, unsigned long) const	[Unknown]	0x16f530
std::vector<std::vector<float, std::allocator<float>>, std::allocator<std::vector<float, std::allocator<float>>>>::vector	0	0	3400000	0	0	0	0	0	0	0	0	0	0	0	0	0	0	0	0	0	0	0	0	0	0	0	0	0	0	0	0	0	0	0	0	0	0	0	0	0	0	0	0	0	0	0	0	0	0	0	0	0	0	0	0	0	0	0	0	0	0	0	0	0	0	0	0	0	0	0	0	0	0	0	0	0	0	0	0	0	0	0	0	0	0	0	0	0	0	0	0	0	0	0	0	0	0	0	0	0	0	0	gaussian	std::vector<std::vector<float, std::allocator<float>>, std::allocator<std::vector<float, std::allocator<float>>>>::vector(unsigned long, std::vector<float, std::allocator<float>> const&, std::allocator<std::vector<float, std::allocator<float>>> const&)	stl_vector.h	0x402e79
strcpy_ifunc_selector	0	0	3400000	0	0	0	0	0	0	0	0	0	0	0	0	0	0	0	0	0	0	0	0	0	0	0	0	0	0	0	0	0	0	0	0	0	0	0	0	0	0	0	0	0	0	0	0	0	0	0	0	0	0	0	0	0	0	0	0	0	0	0	0	0	0	0	0	0	0	0	0	0	0	0	0	0	0	0	0	0	0	0	0	0	0	0	0	0	0	0	0	0	0	0	0	0	0	0	0	0	0	0	libc.so.6	strcpy_ifunc_selector	ifunc-strcpy.h	0xb42c4
sysmalloc	0	0	0	0	0	0	0	0	0	0	0	0	0	0	0	0	0	0	0	0	0	0	0	0	0	0	0	0	0	10000003	0	0	0	0	0	0	0	0	0	0	0	0	0	0	0	1006350	0	0	0	0	0	0	0	0	0	0	0	0	0	0	0	0	0	0	0	0	0	0	0	0	0	0	0	0	0	0	0	0	0	0	0	0	0	0	0	0	0	0	0	0	0	0	0	0	0	0	0	0	0	0	0	0	libc.so.6	sysmalloc	malloc.c	0xac45f
